{"cameraMode":{"drawMode":0,"name":"Shaded","section":"Shading Mode"},"sceneLighting":false,"audioPlay":false,"sceneViewState":{"showFog":true,"showMaterialUpdate":false,"showSkybox":false,"showFlares":true,"showImageEffects":true,"showParticleSystems":true},"in2DMode":false,"pivot":{"x":-18.168163299560548,"y":-0.10779953002929688,"z":4.970659255981445},"rotation":{"x":-0.3978194296360016,"y":0.17498132586479188,"z":-0.0775950700044632,"w":-0.8973063230514526},"size":23.334524154663087,"orthographic":false}