{"cameraMode":{"drawMode":0,"name":"Shaded","section":"Shading Mode"},"sceneLighting":false,"audioPlay":false,"sceneViewState":{"showFog":true,"showMaterialUpdate":false,"showSkybox":true,"showFlares":true,"showImageEffects":true,"showParticleSystems":true},"in2DMode":false,"pivot":{"x":7.64240837097168,"y":33.452796936035159,"z":-19.31875991821289},"rotation":{"x":0.37687012553215029,"y":-0.18134166300296784,"z":0.07551634311676026,"w":0.9052449464797974},"size":4.041658401489258,"orthographic":false}