{"cameraMode":{"drawMode":0,"name":"Shaded","section":"Shading Mode"},"sceneLighting":false,"audioPlay":false,"sceneViewState":{"showFog":true,"showMaterialUpdate":false,"showSkybox":true,"showFlares":true,"showImageEffects":true,"showParticleSystems":true},"in2DMode":false,"pivot":{"x":-5.862733364105225,"y":-1.1782240867614747,"z":-5.765281677246094},"rotation":{"x":0.3894878327846527,"y":0.17516160011291505,"z":-0.07571372389793396,"w":0.9010589122772217},"size":23.334524154663087,"orthographic":false}