{"cameraMode":{"drawMode":0,"name":"Shaded","section":"Shading Mode"},"sceneLighting":false,"audioPlay":false,"sceneViewState":{"showFog":true,"showMaterialUpdate":false,"showSkybox":true,"showFlares":true,"showImageEffects":true,"showParticleSystems":true},"in2DMode":false,"pivot":{"x":572.131103515625,"y":-0.14496302604675294,"z":235.144775390625},"rotation":{"x":-0.1281261444091797,"y":0.1119142547249794,"z":-0.014552481472492218,"w":-0.9853191375732422},"size":2686.005615234375,"orthographic":false}