{"cameraMode":{"drawMode":0,"name":"Shaded","section":"Shading Mode"},"sceneLighting":false,"audioPlay":false,"sceneViewState":{"showFog":true,"showMaterialUpdate":false,"showSkybox":true,"showFlares":true,"showImageEffects":true,"showParticleSystems":true},"in2DMode":false,"pivot":{"x":-7.399544715881348,"y":4.680599212646484,"z":-1.4794607162475587},"rotation":{"x":-0.3978194296360016,"y":0.17498132586479188,"z":-0.0775950700044632,"w":-0.8973063230514526},"size":23.334524154663087,"orthographic":false}