{"cameraMode":{"drawMode":0,"name":"Shaded","section":"Shading Mode"},"sceneLighting":false,"audioPlay":false,"sceneViewState":{"showFog":true,"showMaterialUpdate":false,"showSkybox":true,"showFlares":true,"showImageEffects":true,"showParticleSystems":true},"in2DMode":false,"pivot":{"x":2.9162838459014894,"y":-8.413098335266114,"z":4.390608310699463},"rotation":{"x":-0.4512270987033844,"y":0.023284900933504106,"z":-0.011777983047068119,"w":-0.8920336365699768},"size":27.826854705810548,"orthographic":false}