{"cameraMode":{"drawMode":0,"name":"Shaded","section":"Shading Mode"},"sceneLighting":false,"audioPlay":false,"sceneViewState":{"showFog":true,"showMaterialUpdate":false,"showSkybox":true,"showFlares":true,"showImageEffects":true,"showParticleSystems":true},"in2DMode":false,"pivot":{"x":-20.848331451416017,"y":3.1139931678771974,"z":12.746010780334473},"rotation":{"x":0.08276128768920899,"y":0.887065052986145,"z":-0.17520387470722199,"w":0.4190186858177185},"size":23.334524154663087,"orthographic":false}