{"cameraMode":{"drawMode":0,"name":"Shaded","section":"Shading Mode"},"sceneLighting":false,"audioPlay":false,"sceneViewState":{"showFog":true,"showMaterialUpdate":false,"showSkybox":true,"showFlares":true,"showImageEffects":true,"showParticleSystems":true},"in2DMode":false,"pivot":{"x":-0.1360006332397461,"y":2.423839569091797,"z":-7.303515911102295},"rotation":{"x":-0.08146771043539047,"y":-0.2522209584712982,"z":0.021315274760127069,"w":-0.964002251625061},"size":8.573652267456055,"orthographic":false}