{"cameraMode":{"drawMode":0,"name":"Shaded","section":"Shading Mode"},"sceneLighting":false,"audioPlay":false,"sceneViewState":{"showFog":true,"showMaterialUpdate":false,"showSkybox":false,"showFlares":true,"showImageEffects":true,"showParticleSystems":true},"in2DMode":false,"pivot":{"x":1.6918374300003052,"y":-0.10779953002929688,"z":-4.899340629577637},"rotation":{"x":0.5189797282218933,"y":-0.18643192946910859,"z":0.11714760959148407,"w":0.8259516358375549},"size":23.334524154663087,"orthographic":false}