{"cameraMode":{"drawMode":0,"name":"Shaded","section":"Shading Mode"},"sceneLighting":false,"audioPlay":false,"sceneViewState":{"showFog":true,"showMaterialUpdate":false,"showSkybox":true,"showFlares":true,"showImageEffects":true,"showParticleSystems":true},"in2DMode":false,"pivot":{"x":5.899181365966797,"y":12.390080451965332,"z":3.628016948699951},"rotation":{"x":0.3432602286338806,"y":0.2761038541793823,"z":-0.1061590164899826,"w":0.8915051817893982},"size":2.8578836917877199,"orthographic":false}